<?xml version="1.0" encoding="UTF-8"?>
<!DOCTYPE suite SYSTEM "http://testng.org/testng-1.0.dtd">
<suite name="Suite" parallel="true">

 <test name="ToolSQAAUtomation_Firefox">
 
 <parameter name="pbrowser" value="firefox"/>
 <classes>
 <class name="Action_setup_Launch.Action_Login" />
<class name="TestCase_Automation_Practice_Form.Cross_Browser_Testing" />

  </classes>
 
 </test>
 
 <test name="ToolSQAAUtomation_IE">
 
 <parameter name="pbrowser" value="Internet"/>
 <classes>
  <class name="Action_setup_Launch.Action_Login" />
 <class name="TestCase_Automation_Practice_Form.Cross_Browser_Testing" />

 </classes>
 
 </test>
 <test name="ToolSQAAUtomation_Crome">
 
 <parameter name="pbrowser" value="Crome"/>
 <classes>
  <class name="Action_setup_Launch.Action_Login" />
<class name="TestCase_Automation_Practice_Form.Cross_Browser_Testing" />

 
 </classes>
 
 </test>
 </suite>